{
  "root": "callFunctionConnectWallet",
  "description": "",
  "actions": {
    "callFunctionConnectWallet": {
      "module": "vb/action/builtin/callModuleFunctionAction",
      "parameters": {
        "module": "[[ $functions ]]",
        "functionName": "connectWallet"
      },
      "outcomes": {
        "success": "assignVariablesCurrentAccount"
      }
    },
    "assignVariablesCurrentAccount": {
      "module": "vb/action/builtin/assignVariablesAction",
      "parameters": {
        "$page.variables.currentAccount": {
          "source": "{{ $chain.results.callFunctionConnectWallet }}"
        }
      }
    }
  }
}