{
  "root": "callFunctionCheckIfWalletIsConnected",
  "description": "",
  "actions": {

    "assignVariablesContractResponse": {
      "module": "vb/action/builtin/assignVariablesAction",
      "parameters": {
        "$page.variables.contractResponse": {
          "source": "{{ $chain.results.callFunctionReadContractString }}"
        }
      }
    },
    "callFunctionReadContractString": {
      "module": "vb/action/builtin/callModuleFunctionAction",
      "parameters": {
        "module": "[[ $functions ]]",
        "functionName": "readContractString"
      },
      "outcomes": {
        "success": "assignVariablesContractResponse"
      }
    },
    "callFunctionCheckIfWalletIsConnected": {
      "module": "vb/action/builtin/callModuleFunctionAction",
      "parameters": {
        "module": "[[ $functions ]]",
        "functionName": "checkIfWalletIsConnected"
      },
      "outcomes": {
        "success": "callFunctionReadContractString"
      }
    }
  }
}