{
  "description": "",
  "root": "callFunctionCheckIfWalletIsConnected",
  "actions": {
    "callFunctionCheckIfWalletIsConnected": {
      "module": "vb/action/builtin/callModuleFunctionAction",
      "parameters": {
        "module": "[[ $functions ]]",
        "functionName": "checkIfWalletIsConnected"
      },
      "outcomes": {
        "success": "callFunctionSetContractString"
      }
    },
    "callFunctionSetContractString": {
      "module": "vb/action/builtin/callModuleFunctionAction",
      "parameters": {
        "module": "[[ $functions ]]",
        "functionName": "setContractString",
        "params": [
          "{{ $page.variables.newContractString }}"
        ],
        "returnType": "object"
      },
      "outcomes": {
        "success": "assignVariablesContractResponse"
      }
    },
    "assignVariablesContractResponse": {
      "module": "vb/action/builtin/assignVariablesAction",
      "parameters": {
        "$page.variables.contractResponse": {
          "source": "{{ $chain.results.callFunctionSetContractString.hash }}"
        }
      }
    }
  },
  "variables": {}
}