{
  "title": "",
  "description": "",
  "variables": {
    "contractResponse": {
      "type": "any"
    },
    "currentAccount": {
      "type": "string"
    },
    "newContractString": {
      "type": "string"
    }

  },
  "metadata": {},
  "types": {},
  "eventListeners": {
    "buttonClick": {
      "chains": [
        {
          "chainId": "readContract"
        }
      ]
    },
    "buttonClick2": {
      "chains": [
        {
          "chainId": "connectWallet"
        }
      ]
    },
    "buttonClick3": {
      "chains": [
        {
          "chainId": "setContractData"
        }
      ]
    },
    "toggleDrawer": {
      "chains": [
        {
          "chainId": "application:toggleDrawerHandler"
        }
      ]
    },
    "vbEnter": {
      "chains": [
        {
          "chainId": "checkIfWalletConnected",
          "parameters": {}
        }
      ]
    }

  },
  "imports": {
    "components": {
      "oj-button": {
        "path": "ojs/ojbutton"
      },
      "oj-form-layout": {
        "path": "ojs/ojformlayout"
      },
      "oj-input-text": {
        "path": "ojs/ojinputtext"
      }
    }
  }
}